Workbook

Sheet ENTREES & SORTIES
F1: DECLARATION DE STOCKS
A2: BUREAU NATIONAL | F2: ET DE MOUVEMENTS
A3: INTERPROFESSIONNEL DE L'ARMAGNAC | F3: PERIODE DU 1er AVRIL 2026 AU 31 MARS 2027
A4: Maison du Vignoble Gascogne Armagnac | F4: A RETOURNER AVANT LE 30 AVRIL 2027
A5: Lieu-dit "Estère" - 1330 Route de Manciet - 32800 EAUZE
A6: TEL : 05 62 08 11 09 - Mel : contributeurs@armagnac.fr | H6: N°BNIA
A9: Date : | D9: Signature :
A10: Lieu :
J14: en Hl.l,cl AP
A15: Millésime ou Dénomination | B15: Clé | C15: Cpte Age | D15: STOCK AU 1er AVRIL | E15: RECAPITULATIF ENTREES | G15: SORTIES
E16: Distillation propre | F16: Mouvements (coupe, transfert…) | G16: Mouvements (coupe, transfert…) | H16: Pertes inventaire DIA du .../.../...* | I16: Fabrications FLOC | J16: Fabrications autres
D17: 1 | E17: 2 | F17: 3 | G17: 4 | H17: 5 | I17: 6 | J17: 7
A106: Total | D106: =SUM(D18:D105) -> 0 | E106: =SUM(E18:E105) -> 0 | F106: =SUM(F18:F105) -> 0 | G106: =SUM(G18:G105) -> 0 | H106: =SUM(H18:H105) -> 0 | I106: =SUM(I18:I105) -> 0 | J106: =SUM(J18:J105) -> 0
A107: base cotisation | E107: NON | F107: NON | G107: NON | H107: NON | I107: NON | J107: OUI
A108: * la colonne pertes sur inventaire doit indiquer le détail du volume recensé dans la déclaration d'inventaire annuel (DIA) déposée aux Douanes au cours de la période de référence.
A109: Légende de la clé : M : Millésime - N : Non Millésime - V : Verre - B : sous bois

Sheet VENTES & STOCK
E1: N° BNIA | F1: 0071137
E2: PERIODE DU 1er AVRIL 2026 AU 31 MARS 2027
J4: Page 2/2
J8: en Hl.l,cl AP
A9: VENTES | G9: STOCK AU 31 MARS | H9: Cpte Age | I9: Clé | J9: Millésime ou Dénomination
A10: Marché Intérieur | C10: Négoce | E10: Exportation
A11: hors chai Armagnac | C11: chai Armagnac
A12: Bouteilles -3litres | B12: Vrac destiné à la mise en bouteille Armagnac | C12: Région délimitée | D12: Hors région | E12: Bouteilles -3litres | F12: Vrac destiné à la mise en bouteille Armagnac
A13: 8 | B13: 9 | C13: 10 | D13: 11 | E13: 12 | F13: 13 | G13: 14
G14: ='ENTREES & SORTIES'!D18+'ENTREES & SORTIES'!E18+'ENTREES & SORTIES'!F18-'ENTREES & SORTIES'!G18-'ENTREES & SORTIES'!H18-'ENTREES & SORTIES'!I18-'ENTREES & SORTIES'!J18-'VENTES & STOCK'!A14-'VENTES & STOCK'!B14-'VENTES & STOCK'!C14-'VENTES & STOCK'!D14-'VENTES & STOCK'!E14-'VENTES & STOCK'!F14 -> 0
G15: ='ENTREES & SORTIES'!D19+'ENTREES & SORTIES'!E19+'ENTREES & SORTIES'!F19-'ENTREES & SORTIES'!G19-'ENTREES & SORTIES'!H19-'ENTREES & SORTIES'!I19-'ENTREES & SORTIES'!J19-'VENTES & STOCK'!A15-'VENTES & STOCK'!B15-'VENTES & STOCK'!C15-'VENTES & STOCK'!D15-'VENTES & STOCK'!E15-'VENTES & STOCK'!F15 -> 0
G16: ='ENTREES & SORTIES'!D20+'ENTREES & SORTIES'!E20+'ENTREES & SORTIES'!F20-'ENTREES & SORTIES'!G20-'ENTREES & SORTIES'!H20-'ENTREES & SORTIES'!I20-'ENTREES & SORTIES'!J20-'VENTES & STOCK'!A16-'VENTES & STOCK'!B16-'VENTES & STOCK'!C16-'VENTES & STOCK'!D16-'VENTES & STOCK'!E16-'VENTES & STOCK'!F16 -> 0
G17: ='ENTREES & SORTIES'!D21+'ENTREES & SORTIES'!E21+'ENTREES & SORTIES'!F21-'ENTREES & SORTIES'!G21-'ENTREES & SORTIES'!H21-'ENTREES & SORTIES'!I21-'ENTREES & SORTIES'!J21-'VENTES & STOCK'!A17-'VENTES & STOCK'!B17-'VENTES & STOCK'!C17-'VENTES & STOCK'!D17-'VENTES & STOCK'!E17-'VENTES & STOCK'!F17 -> 0
G18: ='ENTREES & SORTIES'!D22+'ENTREES & SORTIES'!E22+'ENTREES & SORTIES'!F22-'ENTREES & SORTIES'!G22-'ENTREES & SORTIES'!H22-'ENTREES & SORTIES'!I22-'ENTREES & SORTIES'!J22-'VENTES & STOCK'!A18-'VENTES & STOCK'!B18-'VENTES & STOCK'!C18-'VENTES & STOCK'!D18-'VENTES & STOCK'!E18-'VENTES & STOCK'!F18 -> 0
G19: ='ENTREES & SORTIES'!D23+'ENTREES & SORTIES'!E23+'ENTREES & SORTIES'!F23-'ENTREES & SORTIES'!G23-'ENTREES & SORTIES'!H23-'ENTREES & SORTIES'!I23-'ENTREES & SORTIES'!J23-'VENTES & STOCK'!A19-'VENTES & STOCK'!B19-'VENTES & STOCK'!C19-'VENTES & STOCK'!D19-'VENTES & STOCK'!E19-'VENTES & STOCK'!F19 -> 0
G20: ='ENTREES & SORTIES'!D24+'ENTREES & SORTIES'!E24+'ENTREES & SORTIES'!F24-'ENTREES & SORTIES'!G24-'ENTREES & SORTIES'!H24-'ENTREES & SORTIES'!I24-'ENTREES & SORTIES'!J24-'VENTES & STOCK'!A20-'VENTES & STOCK'!B20-'VENTES & STOCK'!C20-'VENTES & STOCK'!D20-'VENTES & STOCK'!E20-'VENTES & STOCK'!F20 -> 0
G21: ='ENTREES & SORTIES'!D25+'ENTREES & SORTIES'!E25+'ENTREES & SORTIES'!F25-'ENTREES & SORTIES'!G25-'ENTREES & SORTIES'!H25-'ENTREES & SORTIES'!I25-'ENTREES & SORTIES'!J25-'VENTES & STOCK'!A21-'VENTES & STOCK'!B21-'VENTES & STOCK'!C21-'VENTES & STOCK'!D21-'VENTES & STOCK'!E21-'VENTES & STOCK'!F21 -> 0
G22: ='ENTREES & SORTIES'!D26+'ENTREES & SORTIES'!E26+'ENTREES & SORTIES'!F26-'ENTREES & SORTIES'!G26-'ENTREES & SORTIES'!H26-'ENTREES & SORTIES'!I26-'ENTREES & SORTIES'!J26-'VENTES & STOCK'!A22-'VENTES & STOCK'!B22-'VENTES & STOCK'!C22-'VENTES & STOCK'!D22-'VENTES & STOCK'!E22-'VENTES & STOCK'!F22 -> 0
G23: ='ENTREES & SORTIES'!D27+'ENTREES & SORTIES'!E27+'ENTREES & SORTIES'!F27-'ENTREES & SORTIES'!G27-'ENTREES & SORTIES'!H27-'ENTREES & SORTIES'!I27-'ENTREES & SORTIES'!J27-'VENTES & STOCK'!A23-'VENTES & STOCK'!B23-'VENTES & STOCK'!C23-'VENTES & STOCK'!D23-'VENTES & STOCK'!E23-'VENTES & STOCK'!F23 -> 0
G24: ='ENTREES & SORTIES'!D28+'ENTREES & SORTIES'!E28+'ENTREES & SORTIES'!F28-'ENTREES & SORTIES'!G28-'ENTREES & SORTIES'!H28-'ENTREES & SORTIES'!I28-'ENTREES & SORTIES'!J28-'VENTES & STOCK'!A24-'VENTES & STOCK'!B24-'VENTES & STOCK'!C24-'VENTES & STOCK'!D24-'VENTES & STOCK'!E24-'VENTES & STOCK'!F24 -> 0
G25: ='ENTREES & SORTIES'!D29+'ENTREES & SORTIES'!E29+'ENTREES & SORTIES'!F29-'ENTREES & SORTIES'!G29-'ENTREES & SORTIES'!H29-'ENTREES & SORTIES'!I29-'ENTREES & SORTIES'!J29-'VENTES & STOCK'!A25-'VENTES & STOCK'!B25-'VENTES & STOCK'!C25-'VENTES & STOCK'!D25-'VENTES & STOCK'!E25-'VENTES & STOCK'!F25 -> 0
... G101: ='ENTREES & SORTIES'!D105+'ENTREES & SORTIES'!E105+'ENTREES & SORTIES'!F105-'ENTREES & SORTIES'!G105-'ENTREES & SORTIES'!H105-'ENTREES & SORTIES'!I105-'ENTREES & SORTIES'!J105-'VENTES & STOCK'!A101-'VENTES & STOCK'!B101-'VENTES & STOCK'!C101-'VENTES & STOCK'!D101-'VENTES & STOCK'!E101-'VENTES & STOCK'!F101 -> 0
A102: =SUM(A14:A101) -> 0 | B102: =SUM(B14:B101) -> 0 | C102: =SUM(C14:C101) -> 0 | D102: =SUM(D14:D101) -> 0 | E102: =SUM(E14:E101) -> 0 | F102: =SUM(F14:F101) -> 0 | G102: =SUM(G14:G101) -> 0 | H102: Total
A103: OUI | B103: OUI | C103: NON | D103: OUI | E103: OUI | F103: OUI | G103: NON | H103: base cotisation
A105: * la colonne pertes sur inventaire doit indiquer le détail du volume recensé dans la déclaration d'inventaire annuel (DIA) déposée aux Douanes au cours de la période de référence.
A106: Légende de la clé : M : Millésime - N : Non Millésime - V : Verre - B : sous bois
