Workbook
Name Print_Titles: 'MOUVEMENTS ENTREE'!$1:$8

Sheet RECAPITULATIF
F1: DECLARATION DE STOCKS
A2: BUREAU NATIONAL | F2: ET DE MOUVEMENTS
A3: INTERPROFESSIONNEL DE L'ARMAGNAC | F3: A retourner au plus tard le 5 du mois suivant la déclaration
A4: Maison du Vignoble Gascogne Armagnac
A5: Lieu-dit "Estère" - 1330 Route de Manciet - 32800 EAUZE | F5: N° ressortissant
A6: TEL : 05 62 08 11 00 - Mel : contributeurs@armagnac.fr | F6: Nom ou Raison Sociale
A7: Site : www.armagnac.fr
A8: 44197
A10: Date : | D10: Signature :
A11: Lieu :
A14: RECAPITULATIF DES STOCKS ET MOUVEMENTS | I14: en Hl.l,cl
A15: Millésime ou Dénomination | B15: Clé | C15: Cpte Age | D15: STOCK DEBUT DE MOIS | E15: RECAPITULATIF ENTREES | H15: SORTIES | I15: STOCK FIN DE MOIS
E16: Achats à la propriété (Producteurs et Caves Coop) | F16: Achats au négoce | G16: Total mouvements entrées (calculé) | H16: Total mouvements et ventes (calculé)
D17: 1 | E17: 2 | F17: 3 | I17: 26
G18: ='MOUVEMENTS ENTREE'!D9+'MOUVEMENTS ENTREE'!E9+'MOUVEMENTS ENTREE'!F9+'MOUVEMENTS ENTREE'!G9+'MOUVEMENTS ENTREE'!H9+'MOUVEMENTS ENTREE'!I9 -> 0 | H18: ='MVMTS SORTIES & FABRICATIONS'!D9+'MVMTS SORTIES & FABRICATIONS'!E9+'MVMTS SORTIES & FABRICATIONS'!F9+'MVMTS SORTIES & FABRICATIONS'!G9+'MVMTS SORTIES & FABRICATIONS'!H9+'MVMTS SORTIES & FABRICATIONS'!I9+'MVMTS SORTIES & FABRICATIONS'!J9+'VENTES FRANCE'!D9+'VENTES FRANCE'!E9+'VENTES FRANCE'!F9+'VENTES FRANCE'!G9+'VENTES FRANCE'!H9+'VENTES EXPORT & VINS VINES'!D8+'VENTES EXPORT & VINS VINES'!E8+'VENTES EXPORT & VINS VINES'!F8+'VENTES EXPORT & VINS VINES'!G8 -> 0 | I18: =D18+E18+F18+G18-H18 -> 0 | J18: 0
G19: ='MOUVEMENTS ENTREE'!D10+'MOUVEMENTS ENTREE'!E10+'MOUVEMENTS ENTREE'!F10+'MOUVEMENTS ENTREE'!G10+'MOUVEMENTS ENTREE'!H10+'MOUVEMENTS ENTREE'!I10 -> 0 | H19: ='MVMTS SORTIES & FABRICATIONS'!D10+'MVMTS SORTIES & FABRICATIONS'!E10+'MVMTS SORTIES & FABRICATIONS'!F10+'MVMTS SORTIES & FABRICATIONS'!G10+'MVMTS SORTIES & FABRICATIONS'!H10+'MVMTS SORTIES & FABRICATIONS'!I10+'MVMTS SORTIES & FABRICATIONS'!J10+'VENTES FRANCE'!D10+'VENTES FRANCE'!E10+'VENTES FRANCE'!F10+'VENTES FRANCE'!G10+'VENTES FRANCE'!H10+'VENTES EXPORT & VINS VINES'!D9+'VENTES EXPORT & VINS VINES'!E9+'VENTES EXPORT & VINS VINES'!F9+'VENTES EXPORT & VINS VINES'!G9 -> 0 | I19: =D19+E19+F19+G19-H19 -> 0 | J19: 0
G20: ='MOUVEMENTS ENTREE'!D11+'MOUVEMENTS ENTREE'!E11+'MOUVEMENTS ENTREE'!F11+'MOUVEMENTS ENTREE'!G11+'MOUVEMENTS ENTREE'!H11+'MOUVEMENTS ENTREE'!I11 -> 0 | H20: ='MVMTS SORTIES & FABRICATIONS'!D11+'MVMTS SORTIES & FABRICATIONS'!E11+'MVMTS SORTIES & FABRICATIONS'!F11+'MVMTS SORTIES & FABRICATIONS'!G11+'MVMTS SORTIES & FABRICATIONS'!H11+'MVMTS SORTIES & FABRICATIONS'!I11+'MVMTS SORTIES & FABRICATIONS'!J11+'VENTES FRANCE'!D11+'VENTES FRANCE'!E11+'VENTES FRANCE'!F11+'VENTES FRANCE'!G11+'VENTES FRANCE'!H11+'VENTES EXPORT & VINS VINES'!D10+'VENTES EXPORT & VINS VINES'!E10+'VENTES EXPORT & VINS VINES'!F10+'VENTES EXPORT & VINS VINES'!G10 -> 0 | I20: =D20+E20+F20+G20-H20 -> 0 | J20: 0
G21: ='MOUVEMENTS ENTREE'!D12+'MOUVEMENTS ENTREE'!E12+'MOUVEMENTS ENTREE'!F12+'MOUVEMENTS ENTREE'!G12+'MOUVEMENTS ENTREE'!H12+'MOUVEMENTS ENTREE'!I12 -> 0 | H21: ='MVMTS SORTIES & FABRICATIONS'!D12+'MVMTS SORTIES & FABRICATIONS'!E12+'MVMTS SORTIES & FABRICATIONS'!F12+'MVMTS SORTIES & FABRICATIONS'!G12+'MVMTS SORTIES & FABRICATIONS'!H12+'MVMTS SORTIES & FABRICATIONS'!I12+'MVMTS SORTIES & FABRICATIONS'!J12+'VENTES FRANCE'!D12+'VENTES FRANCE'!E12+'VENTES FRANCE'!F12+'VENTES FRANCE'!G12+'VENTES FRANCE'!H12+'VENTES EXPORT & VINS VINES'!D11+'VENTES EXPORT & VINS VINES'!E11+'VENTES EXPORT & VINS VINES'!F11+'VENTES EXPORT & VINS VINES'!G11 -> 0 | I21: =D21+E21+F21+G21-H21 -> 0 | J21: 0
G22: ='MOUVEMENTS ENTREE'!D13+'MOUVEMENTS ENTREE'!E13+'MOUVEMENTS ENTREE'!F13+'MOUVEMENTS ENTREE'!G13+'MOUVEMENTS ENTREE'!H13+'MOUVEMENTS ENTREE'!I13 -> 0 | H22: ='MVMTS SORTIES & FABRICATIONS'!D13+'MVMTS SORTIES & FABRICATIONS'!E13+'MVMTS SORTIES & FABRICATIONS'!F13+'MVMTS SORTIES & FABRICATIONS'!G13+'MVMTS SORTIES & FABRICATIONS'!H13+'MVMTS SORTIES & FABRICATIONS'!I13+'MVMTS SORTIES & FABRICATIONS'!J13+'VENTES FRANCE'!D13+'VENTES FRANCE'!E13+'VENTES FRANCE'!F13+'VENTES FRANCE'!G13+'VENTES FRANCE'!H13+'VENTES EXPORT & VINS VINES'!D12+'VENTES EXPORT & VINS VINES'!E12+'VENTES EXPORT & VINS VINES'!F12+'VENTES EXPORT & VINS VINES'!G12 -> 0 | I22: =D22+E22+F22+G22-H22 -> 0 | J22: 0
G23: ='MOUVEMENTS ENTREE'!D14+'MOUVEMENTS ENTREE'!E14+'MOUVEMENTS ENTREE'!F14+'MOUVEMENTS ENTREE'!G14+'MOUVEMENTS ENTREE'!H14+'MOUVEMENTS ENTREE'!I14 -> 0 | H23: ='MVMTS SORTIES & FABRICATIONS'!D14+'MVMTS SORTIES & FABRICATIONS'!E14+'MVMTS SORTIES & FABRICATIONS'!F14+'MVMTS SORTIES & FABRICATIONS'!G14+'MVMTS SORTIES & FABRICATIONS'!H14+'MVMTS SORTIES & FABRICATIONS'!I14+'MVMTS SORTIES & FABRICATIONS'!J14+'VENTES FRANCE'!D14+'VENTES FRANCE'!E14+'VENTES FRANCE'!F14+'VENTES FRANCE'!G14+'VENTES FRANCE'!H14+'VENTES EXPORT & VINS VINES'!D13+'VENTES EXPORT & VINS VINES'!E13+'VENTES EXPORT & VINS VINES'!F13+'VENTES EXPORT & VINS VINES'!G13 -> 0 | I23: =D23+E23+F23+G23-H23 -> 0 | J23: 0
G24: ='MOUVEMENTS ENTREE'!D15+'MOUVEMENTS ENTREE'!E15+'MOUVEMENTS ENTREE'!F15+'MOUVEMENTS ENTREE'!G15+'MOUVEMENTS ENTREE'!H15+'MOUVEMENTS ENTREE'!I15 -> 0 | H24: ='MVMTS SORTIES & FABRICATIONS'!D15+'MVMTS SORTIES & FABRICATIONS'!E15+'MVMTS SORTIES & FABRICATIONS'!F15+'MVMTS SORTIES & FABRICATIONS'!G15+'MVMTS SORTIES & FABRICATIONS'!H15+'MVMTS SORTIES & FABRICATIONS'!I15+'MVMTS SORTIES & FABRICATIONS'!J15+'VENTES FRANCE'!D15+'VENTES FRANCE'!E15+'VENTES FRANCE'!F15+'VENTES FRANCE'!G15+'VENTES FRANCE'!H15+'VENTES EXPORT & VINS VINES'!D14+'VENTES EXPORT & VINS VINES'!E14+'VENTES EXPORT & VINS VINES'!F14+'VENTES EXPORT & VINS VINES'!G14 -> 0 | I24: =D24+E24+F24+G24-H24 -> 0 | J24: 0
G25: ='MOUVEMENTS ENTREE'!D16+'MOUVEMENTS ENTREE'!E16+'MOUVEMENTS ENTREE'!F16+'MOUVEMENTS ENTREE'!G16+'MOUVEMENTS ENTREE'!H16+'MOUVEMENTS ENTREE'!I16 -> 0 | H25: ='MVMTS SORTIES & FABRICATIONS'!D16+'MVMTS SORTIES & FABRICATIONS'!E16+'MVMTS SORTIES & FABRICATIONS'!F16+'MVMTS SORTIES & FABRICATIONS'!G16+'MVMTS SORTIES & FABRICATIONS'!H16+'MVMTS SORTIES & FABRICATIONS'!I16+'MVMTS SORTIES & FABRICATIONS'!J16+'VENTES FRANCE'!D16+'VENTES FRANCE'!E16+'VENTES FRANCE'!F16+'VENTES FRANCE'!G16+'VENTES FRANCE'!H16+'VENTES EXPORT & VINS VINES'!D15+'VENTES EXPORT & VINS VINES'!E15+'VENTES EXPORT & VINS VINES'!F15+'VENTES EXPORT & VINS VINES'!G15 -> 0 | I25: =D25+E25+F25+G25-H25 -> 0 | J25: 0
G26: ='MOUVEMENTS ENTREE'!D17+'MOUVEMENTS ENTREE'!E17+'MOUVEMENTS ENTREE'!F17+'MOUVEMENTS ENTREE'!G17+'MOUVEMENTS ENTREE'!H17+'MOUVEMENTS ENTREE'!I17 -> 0 | H26: ='MVMTS SORTIES & FABRICATIONS'!D17+'MVMTS SORTIES & FABRICATIONS'!E17+'MVMTS SORTIES & FABRICATIONS'!F17+'MVMTS SORTIES & FABRICATIONS'!G17+'MVMTS SORTIES & FABRICATIONS'!H17+'MVMTS SORTIES & FABRICATIONS'!I17+'MVMTS SORTIES & FABRICATIONS'!J17+'VENTES FRANCE'!D17+'VENTES FRANCE'!E17+'VENTES FRANCE'!F17+'VENTES FRANCE'!G17+'VENTES FRANCE'!H17+'VENTES EXPORT & VINS VINES'!D16+'VENTES EXPORT & VINS VINES'!E16+'VENTES EXPORT & VINS VINES'!F16+'VENTES EXPORT & VINS VINES'!G16 -> 0 | I26: =D26+E26+F26+G26-H26 -> 0 | J26: 0
G27: ='MOUVEMENTS ENTREE'!D18+'MOUVEMENTS ENTREE'!E18+'MOUVEMENTS ENTREE'!F18+'MOUVEMENTS ENTREE'!G18+'MOUVEMENTS ENTREE'!H18+'MOUVEMENTS ENTREE'!I18 -> 0 | H27: ='MVMTS SORTIES & FABRICATIONS'!D18+'MVMTS SORTIES & FABRICATIONS'!E18+'MVMTS SORTIES & FABRICATIONS'!F18+'MVMTS SORTIES & FABRICATIONS'!G18+'MVMTS SORTIES & FABRICATIONS'!H18+'MVMTS SORTIES & FABRICATIONS'!I18+'MVMTS SORTIES & FABRICATIONS'!J18+'VENTES FRANCE'!D18+'VENTES FRANCE'!E18+'VENTES FRANCE'!F18+'VENTES FRANCE'!G18+'VENTES FRANCE'!H18+'VENTES EXPORT & VINS VINES'!D17+'VENTES EXPORT & VINS VINES'!E17+'VENTES EXPORT & VINS VINES'!F17+'VENTES EXPORT & VINS VINES'!G17 -> 0 | I27: =D27+E27+F27+G27-H27 -> 0 | J27: 0
G28: ='MOUVEMENTS ENTREE'!D19+'MOUVEMENTS ENTREE'!E19+'MOUVEMENTS ENTREE'!F19+'MOUVEMENTS ENTREE'!G19+'MOUVEMENTS ENTREE'!H19+'MOUVEMENTS ENTREE'!I19 -> 0 | H28: ='MVMTS SORTIES & FABRICATIONS'!D19+'MVMTS SORTIES & FABRICATIONS'!E19+'MVMTS SORTIES & FABRICATIONS'!F19+'MVMTS SORTIES & FABRICATIONS'!G19+'MVMTS SORTIES & FABRICATIONS'!H19+'MVMTS SORTIES & FABRICATIONS'!I19+'MVMTS SORTIES & FABRICATIONS'!J19+'VENTES FRANCE'!D19+'VENTES FRANCE'!E19+'VENTES FRANCE'!F19+'VENTES FRANCE'!G19+'VENTES FRANCE'!H19+'VENTES EXPORT & VINS VINES'!D18+'VENTES EXPORT & VINS VINES'!E18+'VENTES EXPORT & VINS VINES'!F18+'VENTES EXPORT & VINS VINES'!G18 -> 0 | I28: =D28+E28+F28+G28-H28 -> 0 | J28: 0
G29: ='MOUVEMENTS ENTREE'!D20+'MOUVEMENTS ENTREE'!E20+'MOUVEMENTS ENTREE'!F20+'MOUVEMENTS ENTREE'!G20+'MOUVEMENTS ENTREE'!H20+'MOUVEMENTS ENTREE'!I20 -> 0 | H29: ='MVMTS SORTIES & FABRICATIONS'!D20+'MVMTS SORTIES & FABRICATIONS'!E20+'MVMTS SORTIES & FABRICATIONS'!F20+'MVMTS SORTIES & FABRICATIONS'!G20+'MVMTS SORTIES & FABRICATIONS'!H20+'MVMTS SORTIES & FABRICATIONS'!I20+'MVMTS SORTIES & FABRICATIONS'!J20+'VENTES FRANCE'!D20+'VENTES FRANCE'!E20+'VENTES FRANCE'!F20+'VENTES FRANCE'!G20+'VENTES FRANCE'!H20+'VENTES EXPORT & VINS VINES'!D19+'VENTES EXPORT & VINS VINES'!E19+'VENTES EXPORT & VINS VINES'!F19+'VENTES EXPORT & VINS VINES'!G19 -> 0 | I29: =D29+E29+F29+G29-H29 -> 0 | J29: 0
... G267: ='MOUVEMENTS ENTREE'!D258+'MOUVEMENTS ENTREE'!E258+'MOUVEMENTS ENTREE'!F258+'MOUVEMENTS ENTREE'!G258+'MOUVEMENTS ENTREE'!H258+'MOUVEMENTS ENTREE'!I258 -> 0 | H267: ='MVMTS SORTIES & FABRICATIONS'!D258+'MVMTS SORTIES & FABRICATIONS'!E258+'MVMTS SORTIES & FABRICATIONS'!F258+'MVMTS SORTIES & FABRICATIONS'!G258+'MVMTS SORTIES & FABRICATIONS'!H258+'MVMTS SORTIES & FABRICATIONS'!I258+'MVMTS SORTIES & FABRICATIONS'!J258+'VENTES FRANCE'!D258+'VENTES FRANCE'!E258+'VENTES FRANCE'!F258+'VENTES FRANCE'!G258+'VENTES FRANCE'!H258+'VENTES EXPORT & VINS VINES'!D257+'VENTES EXPORT & VINS VINES'!E257+'VENTES EXPORT & VINS VINES'!F257+'VENTES EXPORT & VINS VINES'!G257 -> 0 | I267: =D267+E267+F267+G267-H267 -> 0 | J267: 0
A268: Total | D268: =SUM(D18:D267) -> 0 | E268: =SUM(E18:E267) -> 0 | F268: =SUM(F18:F267) -> 0 | G268: =SUM(G18:G267) -> 0 | H268: =SUM(H18:H267) -> 0 | I268: =SUM(I18:I267) -> 0
A269: base cotisation | E269: NON | F269: NON | G269: NON | H269: NON | I269: NON
A270: * la colonne pertes sur inventaire doit indiquer le détail du volume recensé dans la déclaration d'inventaire annuel (DIA) déposée aux Douanes au cours de la période de référence.
A271: Légende de la clé : M : Millésime - N : Non Millésime - V : Verre - B : sous bois

Sheet MOUVEMENTS ENTREE
E1: N° ressortissant | G1: =RECAPITULATIF!H5 -> 0 | L1: N° ressortissant
E2: Nom ou Raison Sociale | G2: =RECAPITULATIF!F7 -> 0 | L2: Nom ou Raison Sociale
E3: MOIS ANNEE | G3: =RECAPITULATIF!A8 -> 44197 | I3: Page 2/5 | L3: MOIS ANNEE
A5: MOUVEMENTS EN ENTREE
A6: Millésime ou Dénomination | B6: Clé | C6: Cpte Age | D6: Distillation propre | E6: Passage sous bois/sous verre | F6: Assemblages, Coupes | G6: TRANSFERT CHAI ARMAGNAC | I6: Réintégrations | K6: Assemblages, Coupes | L6: Passage sous bois/sous verre
G7: Région délimitée | H7: Hors région délimitée
D8: 4 | E8: 5 | F8: 6 | G8: 7 | H8: 8 | I8: 9 | K8: 12 | L8: 11
A9: =IF(ISBLANK(RECAPITULATIF!A18),"",RECAPITULATIF!A18) | B9: =IF(ISBLANK(RECAPITULATIF!B18),"",RECAPITULATIF!B18) | C9: =IF(ISBLANK(RECAPITULATIF!C18),"",RECAPITULATIF!C18) | K9: ='MVMTS SORTIES & FABRICATIONS'!F9 -> 0 | L9: ='MVMTS SORTIES & FABRICATIONS'!E9 -> 0
A10: =IF(ISBLANK(RECAPITULATIF!A19),"",RECAPITULATIF!A19) | B10: =IF(ISBLANK(RECAPITULATIF!B19),"",RECAPITULATIF!B19) | C10: =IF(ISBLANK(RECAPITULATIF!C19),"",RECAPITULATIF!C19) | K10: ='MVMTS SORTIES & FABRICATIONS'!F10 -> 0 | L10: ='MVMTS SORTIES & FABRICATIONS'!E10 -> 0
A11: =IF(ISBLANK(RECAPITULATIF!A20),"",RECAPITULATIF!A20) | B11: =IF(ISBLANK(RECAPITULATIF!B20),"",RECAPITULATIF!B20) | C11: =IF(ISBLANK(RECAPITULATIF!C20),"",RECAPITULATIF!C20) | K11: ='MVMTS SORTIES & FABRICATIONS'!F11 -> 0 | L11: ='MVMTS SORTIES & FABRICATIONS'!E11 -> 0
A12: =IF(ISBLANK(RECAPITULATIF!A21),"",RECAPITULATIF!A21) | B12: =IF(ISBLANK(RECAPITULATIF!B21),"",RECAPITULATIF!B21) | C12: =IF(ISBLANK(RECAPITULATIF!C21),"",RECAPITULATIF!C21) | K12: ='MVMTS SORTIES & FABRICATIONS'!F12 -> 0 | L12: ='MVMTS SORTIES & FABRICATIONS'!E12 -> 0
A13: =IF(ISBLANK(RECAPITULATIF!A22),"",RECAPITULATIF!A22) | B13: =IF(ISBLANK(RECAPITULATIF!B22),"",RECAPITULATIF!B22) | C13: =IF(ISBLANK(RECAPITULATIF!C22),"",RECAPITULATIF!C22) | K13: ='MVMTS SORTIES & FABRICATIONS'!F13 -> 0 | L13: ='MVMTS SORTIES & FABRICATIONS'!E13 -> 0
A14: =IF(ISBLANK(RECAPITULATIF!A23),"",RECAPITULATIF!A23) | B14: =IF(ISBLANK(RECAPITULATIF!B23),"",RECAPITULATIF!B23) | C14: =IF(ISBLANK(RECAPITULATIF!C23),"",RECAPITULATIF!C23) | K14: ='MVMTS SORTIES & FABRICATIONS'!F14 -> 0 | L14: ='MVMTS SORTIES & FABRICATIONS'!E14 -> 0
A15: =IF(ISBLANK(RECAPITULATIF!A24),"",RECAPITULATIF!A24) | B15: =IF(ISBLANK(RECAPITULATIF!B24),"",RECAPITULATIF!B24) | C15: =IF(ISBLANK(RECAPITULATIF!C24),"",RECAPITULATIF!C24) | K15: ='MVMTS SORTIES & FABRICATIONS'!F15 -> 0 | L15: ='MVMTS SORTIES & FABRICATIONS'!E15 -> 0
A16: =IF(ISBLANK(RECAPITULATIF!A25),"",RECAPITULATIF!A25) | B16: =IF(ISBLANK(RECAPITULATIF!B25),"",RECAPITULATIF!B25) | C16: =IF(ISBLANK(RECAPITULATIF!C25),"",RECAPITULATIF!C25) | K16: ='MVMTS SORTIES & FABRICATIONS'!F16 -> 0 | L16: ='MVMTS SORTIES & FABRICATIONS'!E16 -> 0
A17: =IF(ISBLANK(RECAPITULATIF!A26),"",RECAPITULATIF!A26) | B17: =IF(ISBLANK(RECAPITULATIF!B26),"",RECAPITULATIF!B26) | C17: =IF(ISBLANK(RECAPITULATIF!C26),"",RECAPITULATIF!C26) | K17: ='MVMTS SORTIES & FABRICATIONS'!F17 -> 0 | L17: ='MVMTS SORTIES & FABRICATIONS'!E17 -> 0
A18: =IF(ISBLANK(RECAPITULATIF!A27),"",RECAPITULATIF!A27) | B18: =IF(ISBLANK(RECAPITULATIF!B27),"",RECAPITULATIF!B27) | C18: =IF(ISBLANK(RECAPITULATIF!C27),"",RECAPITULATIF!C27) | K18: ='MVMTS SORTIES & FABRICATIONS'!F18 -> 0 | L18: ='MVMTS SORTIES & FABRICATIONS'!E18 -> 0
A19: =IF(ISBLANK(RECAPITULATIF!A28),"",RECAPITULATIF!A28) | B19: =IF(ISBLANK(RECAPITULATIF!B28),"",RECAPITULATIF!B28) | C19: =IF(ISBLANK(RECAPITULATIF!C28),"",RECAPITULATIF!C28) | K19: ='MVMTS SORTIES & FABRICATIONS'!F19 -> 0 | L19: ='MVMTS SORTIES & FABRICATIONS'!E19 -> 0
A20: =IF(ISBLANK(RECAPITULATIF!A29),"",RECAPITULATIF!A29) | B20: =IF(ISBLANK(RECAPITULATIF!B29),"",RECAPITULATIF!B29) | C20: =IF(ISBLANK(RECAPITULATIF!C29),"",RECAPITULATIF!C29) | K20: ='MVMTS SORTIES & FABRICATIONS'!F20 -> 0 | L20: ='MVMTS SORTIES & FABRICATIONS'!E20 -> 0
... A258: =IF(ISBLANK(RECAPITULATIF!A267),"",RECAPITULATIF!A267) | B258: =IF(ISBLANK(RECAPITULATIF!B267),"",RECAPITULATIF!B267) | C258: =IF(ISBLANK(RECAPITULATIF!C267),"",RECAPITULATIF!C267) | K258: ='MVMTS SORTIES & FABRICATIONS'!F258 -> 0 | L258: ='MVMTS SORTIES & FABRICATIONS'!E258 -> 0
A259: Total | D259: =SUM(D9:D258) -> 0 | E259: =SUM(E9:E258) -> 0 | F259: =SUM(F9:F258) -> 0 | G259: =SUM(G9:G258) -> 0 | H259: =SUM(H9:H258) -> 0 | I259: =SUM(I9:I258) -> 0 | K259: =SUM(K9:K258) -> 0 | L259: =SUM(L9:L258) -> 0
A260: base cotisation | D260: NON | E260: NON | F260: NON | G260: NON | H260: NON | I260: NON | K260: NON | L260: NON
A261: * la colonne pertes sur inventaire doit indiquer le détail du volume recensé dans la déclaration d'inventaire annuel (DIA) déposée aux Douanes au cours de la période de référence.
A262: Légende de la clé : M : Millésime - N : Non Millésime - V : Verre - B : sous bois

Sheet MVMTS SORTIES & FABRICATIONS
E1: N° ressortissant | G1: =RECAPITULATIF!H5 -> 0
E2: Nom ou Raison Sociale | G2: =RECAPITULATIF!F7 -> 0
E3: MOIS ANNEE | G3: =RECAPITULATIF!A8 -> 44197 | J3: Page 3/5
A5: MOUVEMENTS EN SORTIE | I5: FABRICATIONS
A6: Millésime ou Dénomination | B6: Clé | C6: Cpte Age | D6: Pertes sur inventaire DIA du ../../..* | E6: Passage sous bois/sous verre | F6: Assemblages, Coupes | G6: TRANSFERT CHAI ARMAGNAC | I6: Floc de Gascogne | J6: Autres fabrications
G7: Région délimitée | H7: Hors région délimitée
D8: 10 | E8: 11 | F8: 12 | G8: 13 | H8: 14 | I8: 15 | J8: 16
A9: =IF(ISBLANK(RECAPITULATIF!A18),"",RECAPITULATIF!A18) | B9: =IF(ISBLANK(RECAPITULATIF!B18),"",RECAPITULATIF!B18) | C9: =IF(ISBLANK(RECAPITULATIF!C18),"",RECAPITULATIF!C18)
A10: =IF(ISBLANK(RECAPITULATIF!A19),"",RECAPITULATIF!A19) | B10: =IF(ISBLANK(RECAPITULATIF!B19),"",RECAPITULATIF!B19) | C10: =IF(ISBLANK(RECAPITULATIF!C19),"",RECAPITULATIF!C19)
A11: =IF(ISBLANK(RECAPITULATIF!A20),"",RECAPITULATIF!A20) | B11: =IF(ISBLANK(RECAPITULATIF!B20),"",RECAPITULATIF!B20) | C11: =IF(ISBLANK(RECAPITULATIF!C20),"",RECAPITULATIF!C20)
A12: =IF(ISBLANK(RECAPITULATIF!A21),"",RECAPITULATIF!A21) | B12: =IF(ISBLANK(RECAPITULATIF!B21),"",RECAPITULATIF!B21) | C12: =IF(ISBLANK(RECAPITULATIF!C21),"",RECAPITULATIF!C21)
A13: =IF(ISBLANK(RECAPITULATIF!A22),"",RECAPITULATIF!A22) | B13: =IF(ISBLANK(RECAPITULATIF!B22),"",RECAPITULATIF!B22) | C13: =IF(ISBLANK(RECAPITULATIF!C22),"",RECAPITULATIF!C22)
A14: =IF(ISBLANK(RECAPITULATIF!A23),"",RECAPITULATIF!A23) | B14: =IF(ISBLANK(RECAPITULATIF!B23),"",RECAPITULATIF!B23) | C14: =IF(ISBLANK(RECAPITULATIF!C23),"",RECAPITULATIF!C23)
A15: =IF(ISBLANK(RECAPITULATIF!A24),"",RECAPITULATIF!A24) | B15: =IF(ISBLANK(RECAPITULATIF!B24),"",RECAPITULATIF!B24) | C15: =IF(ISBLANK(RECAPITULATIF!C24),"",RECAPITULATIF!C24)
A16: =IF(ISBLANK(RECAPITULATIF!A25),"",RECAPITULATIF!A25) | B16: =IF(ISBLANK(RECAPITULATIF!B25),"",RECAPITULATIF!B25) | C16: =IF(ISBLANK(RECAPITULATIF!C25),"",RECAPITULATIF!C25)
A17: =IF(ISBLANK(RECAPITULATIF!A26),"",RECAPITULATIF!A26) | B17: =IF(ISBLANK(RECAPITULATIF!B26),"",RECAPITULATIF!B26) | C17: =IF(ISBLANK(RECAPITULATIF!C26),"",RECAPITULATIF!C26)
A18: =IF(ISBLANK(RECAPITULATIF!A27),"",RECAPITULATIF!A27) | B18: =IF(ISBLANK(RECAPITULATIF!B27),"",RECAPITULATIF!B27) | C18: =IF(ISBLANK(RECAPITULATIF!C27),"",RECAPITULATIF!C27)
A19: =IF(ISBLANK(RECAPITULATIF!A28),"",RECAPITULATIF!A28) | B19: =IF(ISBLANK(RECAPITULATIF!B28),"",RECAPITULATIF!B28) | C19: =IF(ISBLANK(RECAPITULATIF!C28),"",RECAPITULATIF!C28)
A20: =IF(ISBLANK(RECAPITULATIF!A29),"",RECAPITULATIF!A29) | B20: =IF(ISBLANK(RECAPITULATIF!B29),"",RECAPITULATIF!B29) | C20: =IF(ISBLANK(RECAPITULATIF!C29),"",RECAPITULATIF!C29)
... A258: =IF(ISBLANK(RECAPITULATIF!A267),"",RECAPITULATIF!A267) | B258: =IF(ISBLANK(RECAPITULATIF!B267),"",RECAPITULATIF!B267) | C258: =IF(ISBLANK(RECAPITULATIF!C267),"",RECAPITULATIF!C267)
A259: Total | D259: =SUM(D9:D258) -> 0 | E259: =SUM(E9:E258) -> 0 | F259: =SUM(F9:F258) -> 0 | G259: =SUM(G9:G258) -> 0 | H259: =SUM(H9:H258) -> 0 | I259: =SUM(I9:I258) -> 0 | J259: =SUM(J9:J258) -> 0
A260: base cotisation | D260: NON | E260: NON | F260: NON | G260: NON | H260: OUI | I260: NON | J260: OUI
A261: * la colonne pertes sur inventaire doit indiquer le détail du volume recensé dans la déclaration d'inventaire annuel (DIA) déposée aux Douanes au cours de la période de référence.
A262: Légende de la clé : M : Millésime - N : Non Millésime - V : Verre - B : sous bois

Sheet VENTES FRANCE
E1: N° ressortissant | G1: =RECAPITULATIF!H5 -> 0
E2: Nom ou Raison Sociale | G2: =RECAPITULATIF!F7 -> 0
E3: MOIS ANNEE | G3: =RECAPITULATIF!A8 -> 44197 | H3: Page 4/5
A5: VENTES EN FRANCE
A6: Millésime ou Dénomination | B6: Clé | C6: Cpte Age | D6: MARCHE INTERIEUR (Hors Chai Armagnac) | G6: NEGOCE (Chai Armagnac)
D7: Bouteilles | E7: Vrac destiné à la mise en bouteille Armagnac | F7: Brandies… | G7: Région délimitée | H7: Hors région délimitée
D8: 17 | E8: 18 | F8: 19 | G8: 20 | H8: 21
A9: =IF(ISBLANK(RECAPITULATIF!A18),"",RECAPITULATIF!A18) | B9: =IF(ISBLANK(RECAPITULATIF!B18),"",RECAPITULATIF!B18) | C9: =IF(ISBLANK(RECAPITULATIF!C18),"",RECAPITULATIF!C18)
A10: =IF(ISBLANK(RECAPITULATIF!A19),"",RECAPITULATIF!A19) | B10: =IF(ISBLANK(RECAPITULATIF!B19),"",RECAPITULATIF!B19) | C10: =IF(ISBLANK(RECAPITULATIF!C19),"",RECAPITULATIF!C19)
A11: =IF(ISBLANK(RECAPITULATIF!A20),"",RECAPITULATIF!A20) | B11: =IF(ISBLANK(RECAPITULATIF!B20),"",RECAPITULATIF!B20) | C11: =IF(ISBLANK(RECAPITULATIF!C20),"",RECAPITULATIF!C20)
A12: =IF(ISBLANK(RECAPITULATIF!A21),"",RECAPITULATIF!A21) | B12: =IF(ISBLANK(RECAPITULATIF!B21),"",RECAPITULATIF!B21) | C12: =IF(ISBLANK(RECAPITULATIF!C21),"",RECAPITULATIF!C21)
A13: =IF(ISBLANK(RECAPITULATIF!A22),"",RECAPITULATIF!A22) | B13: =IF(ISBLANK(RECAPITULATIF!B22),"",RECAPITULATIF!B22) | C13: =IF(ISBLANK(RECAPITULATIF!C22),"",RECAPITULATIF!C22)
A14: =IF(ISBLANK(RECAPITULATIF!A23),"",RECAPITULATIF!A23) | B14: =IF(ISBLANK(RECAPITULATIF!B23),"",RECAPITULATIF!B23) | C14: =IF(ISBLANK(RECAPITULATIF!C23),"",RECAPITULATIF!C23)
A15: =IF(ISBLANK(RECAPITULATIF!A24),"",RECAPITULATIF!A24) | B15: =IF(ISBLANK(RECAPITULATIF!B24),"",RECAPITULATIF!B24) | C15: =IF(ISBLANK(RECAPITULATIF!C24),"",RECAPITULATIF!C24)
A16: =IF(ISBLANK(RECAPITULATIF!A25),"",RECAPITULATIF!A25) | B16: =IF(ISBLANK(RECAPITULATIF!B25),"",RECAPITULATIF!B25) | C16: =IF(ISBLANK(RECAPITULATIF!C25),"",RECAPITULATIF!C25)
A17: =IF(ISBLANK(RECAPITULATIF!A26),"",RECAPITULATIF!A26) | B17: =IF(ISBLANK(RECAPITULATIF!B26),"",RECAPITULATIF!B26) | C17: =IF(ISBLANK(RECAPITULATIF!C26),"",RECAPITULATIF!C26)
A18: =IF(ISBLANK(RECAPITULATIF!A27),"",RECAPITULATIF!A27) | B18: =IF(ISBLANK(RECAPITULATIF!B27),"",RECAPITULATIF!B27) | C18: =IF(ISBLANK(RECAPITULATIF!C27),"",RECAPITULATIF!C27)
A19: =IF(ISBLANK(RECAPITULATIF!A28),"",RECAPITULATIF!A28) | B19: =IF(ISBLANK(RECAPITULATIF!B28),"",RECAPITULATIF!B28) | C19: =IF(ISBLANK(RECAPITULATIF!C28),"",RECAPITULATIF!C28)
A20: =IF(ISBLANK(RECAPITULATIF!A29),"",RECAPITULATIF!A29) | B20: =IF(ISBLANK(RECAPITULATIF!B29),"",RECAPITULATIF!B29) | C20: =IF(ISBLANK(RECAPITULATIF!C29),"",RECAPITULATIF!C29)
... A258: =IF(ISBLANK(RECAPITULATIF!A267),"",RECAPITULATIF!A267) | B258: =IF(ISBLANK(RECAPITULATIF!B267),"",RECAPITULATIF!B267) | C258: =IF(ISBLANK(RECAPITULATIF!C267),"",RECAPITULATIF!C267)
A259: Total | D259: =SUM(D9:D258) -> 0 | E259: =SUM(E9:E258) -> 0 | F259: =SUM(F9:F258) -> 0 | G259: =SUM(G9:G258) -> 0 | H259: =SUM(H9:H258) -> 0
A260: base cotisation | D260: OUI | E260: OUI | F260: OUI | G260: NON | H260: OUI
A261: * la colonne pertes sur inventaire doit indiquer le détail du volume recensé dans la déclaration d'inventaire annuel (DIA) déposée aux Douanes au cours de la période de référence.
A262: Légende de la clé : M : Millésime - N : Non Millésime - V : Verre - B : sous bois

Sheet VENTES EXPORT & VINS VINES
E1: N° ressortissant | G1: =RECAPITULATIF!H5 -> 0
E2: Nom ou Raison Sociale | G2: =RECAPITULATIF!F7 -> 0
E3: MOIS ANNEE | G3: =RECAPITULATIF!A8 -> 44197 | H3: Page 5/5
A5: VENTES A L'EXPORTATION | G5: VINS VINES
A6: Millésime ou Dénomination | B6: Clé | C6: Cpte Age | D6: Bouteilles | E6: Vrac destiné à la mise en bouteille Armagnac | F6: Brandies | G6: Vins vinés, Fabrications autres
D7: 22 | E7: 23 | F7: 24 | G7: 25
A8: =IF(ISBLANK(RECAPITULATIF!A18),"",RECAPITULATIF!A18) | B8: =IF(ISBLANK(RECAPITULATIF!B18),"",RECAPITULATIF!B18) | C8: =IF(ISBLANK(RECAPITULATIF!C18),"",RECAPITULATIF!C18)
A9: =IF(ISBLANK(RECAPITULATIF!A19),"",RECAPITULATIF!A19) | B9: =IF(ISBLANK(RECAPITULATIF!B19),"",RECAPITULATIF!B19) | C9: =IF(ISBLANK(RECAPITULATIF!C19),"",RECAPITULATIF!C19)
A10: =IF(ISBLANK(RECAPITULATIF!A20),"",RECAPITULATIF!A20) | B10: =IF(ISBLANK(RECAPITULATIF!B20),"",RECAPITULATIF!B20) | C10: =IF(ISBLANK(RECAPITULATIF!C20),"",RECAPITULATIF!C20)
A11: =IF(ISBLANK(RECAPITULATIF!A21),"",RECAPITULATIF!A21) | B11: =IF(ISBLANK(RECAPITULATIF!B21),"",RECAPITULATIF!B21) | C11: =IF(ISBLANK(RECAPITULATIF!C21),"",RECAPITULATIF!C21)
A12: =IF(ISBLANK(RECAPITULATIF!A22),"",RECAPITULATIF!A22) | B12: =IF(ISBLANK(RECAPITULATIF!B22),"",RECAPITULATIF!B22) | C12: =IF(ISBLANK(RECAPITULATIF!C22),"",RECAPITULATIF!C22)
A13: =IF(ISBLANK(RECAPITULATIF!A23),"",RECAPITULATIF!A23) | B13: =IF(ISBLANK(RECAPITULATIF!B23),"",RECAPITULATIF!B23) | C13: =IF(ISBLANK(RECAPITULATIF!C23),"",RECAPITULATIF!C23)
A14: =IF(ISBLANK(RECAPITULATIF!A24),"",RECAPITULATIF!A24) | B14: =IF(ISBLANK(RECAPITULATIF!B24),"",RECAPITULATIF!B24) | C14: =IF(ISBLANK(RECAPITULATIF!C24),"",RECAPITULATIF!C24)
A15: =IF(ISBLANK(RECAPITULATIF!A25),"",RECAPITULATIF!A25) | B15: =IF(ISBLANK(RECAPITULATIF!B25),"",RECAPITULATIF!B25) | C15: =IF(ISBLANK(RECAPITULATIF!C25),"",RECAPITULATIF!C25)
A16: =IF(ISBLANK(RECAPITULATIF!A26),"",RECAPITULATIF!A26) | B16: =IF(ISBLANK(RECAPITULATIF!B26),"",RECAPITULATIF!B26) | C16: =IF(ISBLANK(RECAPITULATIF!C26),"",RECAPITULATIF!C26)
A17: =IF(ISBLANK(RECAPITULATIF!A27),"",RECAPITULATIF!A27) | B17: =IF(ISBLANK(RECAPITULATIF!B27),"",RECAPITULATIF!B27) | C17: =IF(ISBLANK(RECAPITULATIF!C27),"",RECAPITULATIF!C27)
A18: =IF(ISBLANK(RECAPITULATIF!A28),"",RECAPITULATIF!A28) | B18: =IF(ISBLANK(RECAPITULATIF!B28),"",RECAPITULATIF!B28) | C18: =IF(ISBLANK(RECAPITULATIF!C28),"",RECAPITULATIF!C28)
A19: =IF(ISBLANK(RECAPITULATIF!A29),"",RECAPITULATIF!A29) | B19: =IF(ISBLANK(RECAPITULATIF!B29),"",RECAPITULATIF!B29) | C19: =IF(ISBLANK(RECAPITULATIF!C29),"",RECAPITULATIF!C29)
... A257: =IF(ISBLANK(RECAPITULATIF!A267),"",RECAPITULATIF!A267) | B257: =IF(ISBLANK(RECAPITULATIF!B267),"",RECAPITULATIF!B267) | C257: =IF(ISBLANK(RECAPITULATIF!C267),"",RECAPITULATIF!C267)
A258: Total | D258: =SUM(D8:D257) -> 0 | E258: =SUM(E8:E257) -> 0 | F258: =SUM(F8:F257) -> 0 | G258: =SUM(G8:G257) -> 0
A259: base cotisation | D259: OUI | E259: OUI | F259: OUI | G259: NON
A260: * la colonne pertes sur inventaire doit indiquer le détail du volume recensé dans la déclaration d'inventaire annuel (DIA) déposée aux Douanes au cours de la période de référence.
A261: Légende de la clé : M : Millésime - N : Non Millésime - V : Verre - B : sous bois

Sheet Feuil2

Sheet Feuil3
